{
  "type" : "arObject",
  "data" : {
    "center" : [
      -0.002963632345199585,
      0.16977828741073608,
      -0.00066140294075012207
    ],
    "scale" : [
      1,
      1,
      1
    ],
    "extent" : [
      0.40577027201652527,
      0.22704195976257324,
      0.26571017503738403
    ]
  }
}