{
  "type" : "arObject",
  "data" : {
    "center" : [
      0.0031213313341140747,
      0.13135156035423279,
      0.0031971633434295654
    ],
    "scale" : [
      1,
      1,
      1
    ],
    "extent" : [
      0.24608433246612549,
      0.26161044836044312,
      0.28765922784805298
    ]
  }
}