{
  "type" : "arObject",
  "data" : {
    "center" : [
      -0.0091572105884552002,
      0.088858813047409058,
      0.0066889822483062744
    ],
    "scale" : [
      0.99999994039535522,
      1,
      0.99999994039535522
    ],
    "extent" : [
      0.39235520362854004,
      0.16403776407241821,
      0.21463137865066528
    ]
  }
}